_id,lang,tln,cc,loc,p,tlt,plt,t,cr,acr,pln,flrs,f,uid
914296202912395264,en,79.85894,IN,san,1wwwewewert,29.56461,29.56461,"RT @lacasadesonia: Mayor Navarro of Loiza,near San Juan, said residents showing signs of Dengue fever, Zika virus&amp;contagious conjuncti‚Ä¶ ",2017-09-30T19:39:36Z,2009-11-04T14:57:25Z,79.85894,1066,1e222211,87524465
909115171133587463,en,76.97021,IN,india,1wwwewewert,22.20775,22.20775,"RT @BittuSahgal: Rewilding India will bring carbon down from the atmosphere, reduce floods &amp; droughts. Tiger forests feed 600 rivers https:‚Ä¶",2017-09-16T12:32:01Z,2010-03-22T08:30:56Z,76.97021,2347,1e222211,125339572
910003878451585026,en,71.5,IN,gujarat,1wwwewewert,22.85,22.85,"RT @Khalsa_Aid: #GujaratFloods 
When the floods devastated Gujarat in 2016 &amp; 2017 our Khalsa Aid India based volunteers were there‚Ä¶ ",2017-09-18T23:23:26Z,2008-02-23T07:12:52Z,71.5,2141,1e222211,13862552
917171941059870720,en,79.86849,IN,thala,1wwwewewert,29.6654,29.6654,RT @BillaVeriyan: Heard @ikamalhaasan got dengue fever &amp; he got old too @shankarshanmugh pls cast Thala for #Indian2 .u can break all India‚Ä¶,2017-10-08T18:06:45Z,2014-01-07T13:05:12Z,79.86849,563,1e222211,2281005924
914959052727361538,en,79.17543,IN,havelian,1wwwewewert,27.21535,27.21535,"RT @HealthKPGovt: #HealthKP sessions continue in UCs Nawashehr,Havelian,bakote,Berote, Sherwan &amp; thathi Ahmad khan.
of Abbotabad reg‚Ä¶ ",2017-10-02T15:33:31Z,2013-05-28T13:49:05Z,79.17543,2978,1e222211,1465453980
907792246426226688,en,74,IN,maharashtra,1wwwewewert,18,18,RT @IndianExpress: Five people have died so far in rain-related incidents this year in Maharashtra. https://t.co/wgz3qzpcpW,2017-09-12T20:55:12Z,2015-04-09T14:54:09Z,74,143,1e222211,3146529600
910948555254312965,en,76.97021,IN,india,1wwwewewert,22.20775,22.20775,"24 new dengue cases in state, first death in Kumaon - Times of India https://t.co/UdhfQFc2Fb",2017-09-21T13:57:14Z,2015-05-17T05:28:15Z,76.97021,824,1e222211,3201159115
916660411981639680,en,78,IN,kerala,1wwwewewert,11,11,"RT @ShankhNaad: Crowns of #Kerala

Crime Capital
Dengue Capital
#LoveJihad Capital
Mass Conversion Capital
ISIS Capital
Rape Hub

S‚Ä¶ ",2017-10-07T08:14:07Z,2010-03-11T01:18:50Z,78,57,1e222211,121986228
917044474278219776,en,76.97021,IN,india,1wwwewewert,22.20775,22.20775,"Rockets not flying, floods in north and now disapperance if drugs r all due to mice in india.",2017-10-08T09:40:15Z,2013-10-02T19:37:58Z,76.97021,27,1e222211,1928807756
915589017386782720,en,76.97021,IN,india,1wwwewewert,22.20775,22.20775,#India - 300 Died Of Dengue In Kerala: Yogi Adityanath Hits Back After CPMs Hospital Barb‚Ä¶ https://t.co/zLnVGiBEsf,2017-10-04T09:16:47Z,2009-07-05T20:27:06Z,76.97021,532,1e222211,54075293
918066503622172672,en,93.40847,IN,kaziranga,1wwwewewert,26.58925,26.58925,"RT @CMOfficeAssam: As a recognition for his wildlife rescue &amp; relief efforts during floods in Kaziranga, CM also honoured Khumtai MLA‚Ä¶ ",2017-10-11T05:21:25Z,2017-06-27T22:15:12Z,93.40847,31,1e222211,879908515959255041
915139361313656833,en,79.75,IN,puducherry,1wwwewewert,11.91667,11.91667,RT @thekiranbedi: Clearing up drive by Municipalities in the wake of 700% increase in Dengue cases in Puducherry compared to last yea‚Ä¶ ,2017-10-03T03:30:00Z,2015-03-07T05:09:55Z,79.75,682,1e222211,3066400088
909477081645432832,en,83.40232,IN,nepal,1wwwewewert,26.49976,26.49976,"RT @BaltejAulakh: @akhandABVP @hstapanghosh Khalsa Aid also helped people during Bihar Floods, Chennai Floods, Earthquake in Nepal. How wil‚Ä¶",2017-09-17T12:30:08Z,2013-05-04T19:17:55Z,83.40232,140,1e222211,1403751097
913758020370345984,en,72.83333,IN,santa cruz,1wwwewewert,19.08333,19.08333,"RT @sanjuanlav: Heavy equipment and crews continue with clean up efforts at Sam Boucaud, Santa Cruz after the floods today",2017-09-29T08:01:03Z,2015-08-07T16:23:12Z,72.83333,65,1e222211,3309131935
916365596580876288,en,76.97021,IN,india,1wwwewewert,22.20775,22.20775,RT @CW_dynastycrook: Kerala now accounts for 45% of Indias GDP (Gross Dengue Production). Huge Congratulations to CM Pinarayi Vijayan!‚Ä¶ ,2017-10-06T12:42:38Z,2011-07-29T03:41:48Z,76.97021,63,1e222211,344599841
916656520909135872,en,78,IN,kerala,1wwwewewert,11,11,"RT @ShankhNaad: Crowns of #Kerala

Crime Capital
Dengue Capital
#LoveJihad Capital
Mass Conversion Capital
ISIS Capital
Rape Hub

S‚Ä¶ ",2017-10-07T07:58:39Z,2010-05-14T22:46:51Z,78,9271,1e222211,144044740
917020403914104833,en,82.22467,IN,sri,1wwwewewert,26.22267,26.22267,"RT @SriLankaTweet: Clean Ur places as #Dengue Fever will rise with Rain in #SriLanka,
So far this year 157,133 Cases &amp; 382 Deaths‚Ä¶ ",2017-10-08T08:04:36Z,2012-02-22T00:36:03Z,82.22467,50,1e222211,499514481
909960212064473088,en,75.06272,IN,manila,1wwwewewert,12.67467,12.67467,TYPHOON NEWS: Manila floods as tropical depression slams Philippines - https://t.co/Emz1292tA7 https://t.co/sRNO51Q0ZU,2017-09-18T20:29:55Z,2012-09-01T18:46:28Z,75.06272,1270,1e222211,797145456
909020637640962048,en,88.37368,IN,kolkata,1wwwewewert,22.54733,22.54733,Platelet crisis hits Kolkata in peak dengue season - Times of India https://t.co/t8gZe9qt1G #Kolkata,2017-09-16T06:16:23Z,2014-08-25T11:33:53Z,88.37368,8823,1e222211,2767073305
909333329375137793,en,76.97021,IN,india,1wwwewewert,22.20775,22.20775,RT @PowerLedger_io: Find out more about how useful #solar #energy came during recent floods in India https://t.co/IXVwkf8NLE‚Ä¶ ,2017-09-17T02:58:54Z,2016-09-17T03:18:39Z,76.97021,1169,1e222211,777066724940066816
913431835744468997,en,81.57507,IN,delhi,1wwwewewert,24.6444,24.6444,"Every citizen of Delhi will Fight the #Dengue #Chikungunya menace. Delhi Govt awareness video

 https://t.co/S4kaSmerCJ",2017-09-28T10:24:55Z,2012-07-02T01:30:47Z,81.57507,24878,1e222211,624443638
916749565180518400,en,81.57507,IN,delhi,1wwwewewert,24.6444,24.6444,RT @Ikumar7: LOL out of 3000 Dengue patients in Delhi 2700+ patients came from Uttar Pradesh thats how @myogiadityanath destroy‚Ä¶ ,2017-10-07T14:08:23Z,2016-07-09T09:27:33Z,81.57507,116,1e222211,751792410389209088
909857445954154496,en,80.03853,IN,bihar,1wwwewewert,27.07982,27.07982,"RT @RangaSiyaar: Did anyone see the Chaddhi Gangs of RSS during the Bihar, Assam and West Bengal floods of 2017? I didnt. https://t.co/aRP‚Ä¶",2017-09-18T13:41:34Z,2011-12-21T01:59:13Z,80.03853,474,1e222211,442569146
917699514613383168,en,78.33333,IN,tn,1wwwewewert,11,11,"RT @thearvindswami: Be safe people, take all precautions.
Dengue claims 11 month baby in Salem, 7 suspected deaths across TN on Monday http‚Ä¶",2017-10-10T05:03:08Z,2017-06-02T21:16:29Z,78.33333,77,1e222211,870834041494192129
917368839653879808,en,76.97021,IN,india,1wwwewewert,22.20775,22.20775,RT @sumanthraman: No vaccine at present in India for #Dengue. No drug to cure it. Only supportive treatment.Identifying those who will deve‚Ä¶,2017-10-09T07:09:09Z,2017-08-03T23:47:07Z,76.97021,41,1e222211,893339998040113153
914235662986907648,en,82.22467,IN,sri,1wwwewewert,26.22267,26.22267,"RT @Khalsa_Aid: Sri Lanka Floods 

Our heroic volunteers serving hot food to those who lost everything in the floods.‚Ä¶ ",2017-09-30T15:39:02Z,2015-11-07T08:48:17Z,82.22467,56,1e222211,4157881274
909993495724564480,en,80.204751,IN,"Saidapet, India",6d86f195adaa42fb,13.129442,13.129442,What is the necessary action done by our Govt?  Our children are dieing. .. https://t.co/csNt6gW0gm,2017-09-18T22:42:10Z,2011-09-17T22:35:38Z,80.204751,311,6d86f195adaa42fb,375437357
916922280059400192,en,75.88619,IN,kano,1wwwewewert,33.08704,33.08704,"RT @daily_trust: How severe, recurrent fever floods hospitals with patients in Kano, Kaduna, others  https://t.co/uQ5ncEPRvA https://t.co/J‚Ä¶",2017-10-08T01:34:41Z,2016-06-30T16:24:43Z,75.88619,52,1e222211,748635903342546944
913469050990161920,en,80.0584,IN,maria,1wwwewewert,27.65211,27.65211,"RT @RyanMaue: And to those politicizing Trumps response to Maria, hope yall piped up when Obama was golfing on vacation during Louisiana‚Ä¶",2017-09-28T12:52:47Z,2011-07-22T16:54:52Z,80.0584,3094,1e222211,340567206
910499945349869568,en,76.97021,IN,india,1wwwewewert,22.20775,22.20775,RT: India ‚Äì Green Mini-Grids Support Disaster Relief During Bihar Floods: Decentralised solar mini-grids ensured‚Ä¶ ‚Ä¶‚Ä¶ https://t.co/tEZocNpNOX,2017-09-20T08:14:37Z,2016-09-25T19:39:32Z,76.97021,197,1e222211,780212674516832256
908230993420546048,en,76.97021,IN,india,1wwwewewert,22.20775,22.20775,"RT @mpparimal: #FuelDemand in #India fell 6.1% in the month of August this year, the most in 14 yrs; as floods hindered consumptio‚Ä¶ ",2017-09-14T01:58:37Z,2017-03-15T07:40:57Z,76.97021,9,1e222211,842000164529307648
912111438239371265,en,76.97021,IN,india,1wwwewewert,22.20775,22.20775,"RT @GregoryHJames: Floods in India, Bangladesh and Nepal kill 1,200 and leave millions homeless https://t.co/7qXiTQ1SqY",2017-09-24T18:58:07Z,2011-09-09T06:47:43Z,76.97021,526,1e222211,370661185
917541878492553216,en,77.39748,IN,juan,1wwwewewert,28.23344,28.23344,"RT @jbendery: Trump spent the afternoon golfing.

Heres the mayor of San Juan evacuating elderly/sick ppl amid floods, per pic t‚Ä¶ ",2017-10-09T18:36:45Z,2009-05-29T14:19:07Z,77.39748,215,1e222211,43395126
907597327417868288,en,85.51333,IN,loma,1wwwewewert,25.74379,25.74379,"RT cnnphilippines Waist-deep floods in La Loma, Quezon City | Newsroom live https://t.co/4PPeCl9JQc",2017-09-12T08:00:39Z,2017-01-09T02:44:37Z,85.51333,13,1e222211,818370379404165120
916625122047303680,en,78,IN,kerala,1wwwewewert,11,11,RT @prasannavishy: 45% of Dengue cases and nearly half the Dengue related deaths in India from Kerala. Too much filth or related to we‚Ä¶ ,2017-10-07T05:53:53Z,2009-12-24T05:11:18Z,78,1663,1e222211,99080268
917740247047221248,en,78.33333,IN,tn,1wwwewewert,11,11,"RT @thearvindswami: Be safe people, take all precautions.
Dengue claims 11 month baby in Salem, 7 suspected deaths across TN on Monday http‚Ä¶",2017-10-10T07:45:00Z,2017-08-28T22:33:38Z,78.33333,8,1e222211,902381202140684288
915505450891845632,en,76.97021,IN,india,1wwwewewert,22.20775,22.20775,"#IndiaToday üëâTamil Nadu: Unable to afford payment of medical bills, woman commits suicide by jumping into well wit‚Ä¶ https://t.co/AU1QhAHeJA",2017-10-04T03:44:43Z,2013-02-09T05:27:13Z,76.97021,1651,1e222211,1162639716
909286124262174721,en,77.7121,IN,patparganj,1wwwewewert,26.9209,26.9209,Deputy CM msisodia  interacted with RWAs of Patparganj about awareness campaign for dengue and chikungunya.‚Ä¶ https://t.co/zFkjIlhdV8,2017-09-16T23:51:20Z,2015-10-30T05:05:32Z,77.7121,73,1e222211,4067691260
914045266809856000,en,72.84962,IN,mumbai,1wwwewewert,18.95963,18.95963,"In the one year that Ive lived in Mumbai, Ive heard of people losing lives in floods, and then the tragedy at Elp‚Ä¶ https://t.co/6fE9xTzwXr",2017-09-30T03:02:28Z,2011-09-10T07:18:04Z,72.84962,639,1e222211,371224875
917742318123311105,en,78.29,IN,salem,1wwwewewert,11.69,11.69,"RT @thearvindswami: Be safe people, take all precautions.
Dengue claims 11 month baby in Salem, 7 suspected deaths across TN on Monday http‚Ä¶",2017-10-10T07:53:14Z,2017-03-07T00:39:58Z,78.29,20,1e222211,838995118912786432
916113938042851328,en,81.57507,IN,delhi,1wwwewewert,24.6444,24.6444,"RT @TroluKejri: Who says #JantaMalikHai?Im living proof that Im The Owner Of Delhi, except during floods, dengue etc when u need me https:‚Ä¶",2017-10-05T20:02:38Z,2016-11-04T05:05:28Z,81.57507,55,1e222211,794488223426748416
916006752272793600,en,81.57507,IN,delhi,1wwwewewert,24.6444,24.6444,"RT @TroluKejri: Who says #JantaMalikHai?Im living proof that Im The Owner Of Delhi, except during floods, dengue etc when u need me https:‚Ä¶",2017-10-05T12:56:42Z,2010-12-23T08:05:28Z,81.57507,103,1e222211,229840646
909231579590832128,en,93,IN,assam,1wwwewewert,26,26,RT @neeleshmisra: Unbelievable and shameful. Patanjali dumps expired relief material in Assam for flood victims. Officials take tough‚Ä¶ ,2017-09-16T20:14:35Z,2013-11-12T19:55:48Z,93,324,1e222211,2178954737
908216420533551104,en,76.97021,IN,india,1wwwewewert,22.20775,22.20775,Follow these steps and protect yourself &amp; your family from #dengue.#IndiaFightsDengue #SwasthaBharat https://t.co/5bW0DrFsXy,2017-09-14T01:00:43Z,2017-04-13T01:39:17Z,76.97021,13,1e222211,852418394427199489
918806443247013888,en,81.57507,IN,delhi,1wwwewewert,24.6444,24.6444,"RT @ashu3page: 2198 cases of swine flu reported in Delhi, 620 from outside. 12 death due to swine flu in Delhi, gravity reduced :‚Ä¶ ",2017-10-13T06:21:41Z,2016-10-11T12:36:22Z,81.57507,119,1e222211,785904386799120384
915152663943143424,en,75.93466,IN,padmavati,1wwwewewert,20.44768,20.44768,RT @RanveeriansFC: Ranveer Singh‚Äôs antagonist look in Padmavati‚Äôs poster utterly floods the social media - Samaa Tv #Khilji https://t.co/SP‚Ä¶,2017-10-03T04:22:52Z,2012-07-26T12:32:28Z,75.93466,4520,1e222211,718459830
909991526100459520,en,71.5,IN,gujarat,1wwwewewert,22.85,22.85,"RT @Khalsa_Aid: #GujaratFloods 
When the floods devastated Gujarat in 2016 &amp; 2017 our Khalsa Aid India based volunteers were there‚Ä¶ ",2017-09-18T22:34:21Z,2016-11-20T01:09:03Z,71.5,192,1e222211,800226932948279297
907564696139554819,en,75.06272,IN,manila,1wwwewewert,12.67467,12.67467,"RT @AJEnglish: Manila floods as tropical depression slams Philippines
- At least 2 people have been killed
- 13 people missing‚Ä¶ ",2017-09-12T05:50:59Z,2009-08-13T02:31:19Z,75.06272,2544,1e222211,65311608
912417434564513797,en,78,IN,kerala,1wwwewewert,11,11,"RT @KiranKS: Kamal Haasan attacks Tamil Nadu govt over Dengue..  
He forgot Dengue when he went to Kerala that had 15612 Dengue cases as of‚Ä¶",2017-09-25T15:14:02Z,2009-04-05T22:27:03Z,78,790,1e222211,29138655
916139978253516800,en,81.57507,IN,delhi,1wwwewewert,24.6444,24.6444,"RT @TroluKejri: Who says #JantaMalikHai?Im living proof that Im The Owner Of Delhi, except during floods, dengue etc when u need me https:‚Ä¶",2017-10-05T21:46:06Z,2013-09-19T12:36:38Z,81.57507,39,1e222211,1883955283
914201193928257536,en,80.26483,IN,chennai,1wwwewewert,13.08891,13.08891,RT @dhanyarajendran: Urgent. Verified.  Dengue patient in Chennai needs O+ blood at JV hospital T nagar. #Chennai #bloodbank #dengue call c‚Ä¶,2017-09-30T13:22:04Z,2016-11-11T08:00:06Z,80.26483,55,1e222211,797068885862338560
914255338727145472,en,85.06004,IN,marha,1wwwewewert,24.01194,24.01194,@JoeNBC @solis_steve Obama had a nice vacation at Marhas Vineyard  before finally going to Louisiana for the 1000‚Ä¶ https://t.co/5YNe3Elu2P,2017-09-30T16:57:13Z,2015-06-02T10:22:11Z,85.06004,7,1e222211,3233616888
909874562875060224,en,76.97021,IN,india,1wwwewewert,22.20775,22.20775,"RT @Khalsa_Aid: #UttarakhandFloods2013 

Our Khalsa Aid India volunteers worked tirelessly &amp; in dangerous conditions to reach those‚Ä¶ ",2017-09-18T14:49:35Z,2008-07-03T05:26:51Z,76.97021,441,1e222211,15307032
914143429424304129,en,81.40058,IN,martha,1wwwewewert,26.51654,26.51654,"RT @RepStevenSmith: Pathetic. Obama went to Marthas Vineyard after the last Louisiana floods and got a pass. 

You send massive aid an‚Ä¶ ",2017-09-30T09:32:32Z,2013-06-13T09:03:27Z,81.40058,465,1e222211,1513566746
916254029197357056,en,78,IN,kerala,1wwwewewert,11,11,https://t.co/E8NaJAkKCi Fake news peddlers wont admit it unless given money like Kerala Leftists government,2017-10-06T05:19:18Z,2013-08-08T11:21:03Z,78,322,1e222211,1655742942
918472689148239876,en,80.26483,IN,chennai,1wwwewewert,13.08891,13.08891,"RT @RJ_Balaji: Urgent requirement fr someone with dengue.
Urgent blood requirement B negative at Koratur, Chennai. 
Ph 9444113066
Patient -‚Ä¶",2017-10-12T08:15:28Z,2016-03-23T14:34:24Z,80.26483,139,1e222211,712731743288053760
915796015726215168,en,78,IN,kerala,1wwwewewert,11,11,"RT @boomlive_in: 300 Dengue Deaths In Kerala In One Year, Claims Yogi Adityanath: A FactCheck - https://t.co/uykDZc2ZLC",2017-10-04T22:59:19Z,2011-05-24T21:25:43Z,78,556,1e222211,304778540
916365663186198528,en,76.97021,IN,india,1wwwewewert,22.20775,22.20775,RT @CW_dynastycrook: Kerala now accounts for 45% of Indias GDP (Gross Dengue Production). Huge Congratulations to CM Pinarayi Vijayan!‚Ä¶ ,2017-10-06T12:42:54Z,2012-08-29T00:21:35Z,76.97021,154,1e222211,788640991
916300712740450304,en,78,IN,kerala,1wwwewewert,11,11,RT @CW_dynastycrook: Kerala now accounts for 45% of Indias GDP (Gross Dengue Production). Huge Congratulations to CM Pinarayi Vijayan!‚Ä¶ ,2017-10-06T08:24:48Z,2017-09-23T05:47:11Z,78,3,1e222211,911550002685603840
913737697340137472,en,76.97021,IN,india,1wwwewewert,22.20775,22.20775,"Following recent floods in India here is our video on climate, disasters + displacement https://t.co/hqVignBfAL #flooding #ClimateChange",2017-09-29T06:40:18Z,2007-09-14T07:38:35Z,76.97021,1588,1e222211,8876152
907786541946286080,en,85.19953,IN,asia,1wwwewewert,25.38954,25.38954,RT @AnjaKolibri: Worst #floods in a century:: 41 mil in south Asia affected w/ vast destruction of #crops &amp; #housing | https://t.co/fN4mfo7‚Ä¶,2017-09-12T20:32:32Z,2013-12-30T03:54:48Z,85.19953,863,1e222211,2268605514
916689733220106240,en,76.97021,IN,india,1wwwewewert,22.20775,22.20775,RT @CW_dynastycrook: Kerala now accounts for 45% of Indias GDP (Gross Dengue Production). Huge Congratulations to CM Pinarayi Vijayan!‚Ä¶ ,2017-10-07T10:10:38Z,2012-03-20T12:07:16Z,76.97021,98,1e222211,531475124
918406522840825857,en,76.97021,IN,india,1wwwewewert,22.20775,22.20775,"RT @thewire_in: New moves in the world‚Äôs fight against dengue, with an eye on India https://t.co/v0QtZbxIhs https://t.co/W0rAA6Njn6",2017-10-12T03:52:32Z,2017-09-06T14:43:23Z,76.97021,21,1e222211,905524348978511872
912629790087229440,en,78,IN,kerala,1wwwewewert,11,11,"RT @KiranKS: Kamal Haasan attacks Tamil Nadu govt over Dengue..  
He forgot Dengue when he went to Kerala that had 15612 Dengue cases as of‚Ä¶",2017-09-26T05:17:52Z,2015-09-11T04:29:17Z,78,68,1e222211,3525385752
908037416715304960,en,76.97021,IN,india,1wwwewewert,22.20775,22.20775,@sundarpichai Something similar for floods in India will be highly appreciated,2017-09-13T13:09:25Z,2017-07-14T12:45:11Z,76.97021,7,1e222211,885925656948822017
912026690427260928,en,75.76704,IN,shahzad,1wwwewewert,30.80842,30.80842,"RT @ishafoundation: #StandWithRivers by the Shahzad river, UP, on which is built the Govind Sagar dam. Shahzad floods in monsoon, remai‚Ä¶ ",2017-09-24T13:21:22Z,2012-09-24T10:56:58Z,75.76704,540,1e222211,843882439
912567355980386304,en,78,IN,kerala,1wwwewewert,11,11,"RT @KiranKS: Kamal Haasan attacks Tamil Nadu govt over Dengue..  
He forgot Dengue when he went to Kerala that had 15612 Dengue cases as of‚Ä¶",2017-09-26T01:09:47Z,2015-11-16T10:45:48Z,78,729,1e222211,4258245558
910224508929310720,en,76.97021,IN,india,1wwwewewert,22.20775,22.20775,"The earth is speaking. So much love, thoughts to Mexico, Puerto Rico &amp; floods in India...so many more #climatechange",2017-09-19T14:00:08Z,2012-10-21T13:03:16Z,76.97021,713,1e222211,895908589
915268512595140608,en,83.40232,IN,nepal,1wwwewewert,26.49976,26.49976,"RT @sumitbeatles: 13 PhDs

20 Topics 

Interdisciplinary 

MultiHazard-Landslides Floods Droughts

Asia and Africa 

#Nepal topics‚Ä¶ ",2017-10-03T12:03:12Z,2017-06-06T12:50:20Z,83.40232,0,1e222211,872156215068966912
917328053226766336,en,71.5,IN,gujarat,1wwwewewert,22.85,22.85,@IamLingaa @republic @OfficeOfRG They ran away to 5 star resorts when people of Gujarat were dying in floods‚Ä¶ https://t.co/sEEfRsoIz7,2017-10-09T04:27:05Z,2014-08-15T11:12:54Z,71.5,4862,1e222211,2734879242
911935689528397824,en,76.97021,IN,india,1wwwewewert,22.20775,22.20775,"US #WeatherWarfare,crting #hurricanes in #USA &amp; #Floods in #India. #NaturalCalamities,#DisasterManagement.#Disaster.https://t.co/QKMJqeWM3X",2017-09-24T07:19:45Z,2009-03-06T05:07:38Z,76.97021,2015,1e222211,23051490
915633396491075586,en,78,IN,kerala,1wwwewewert,11,11,RT @bhak_sala: This year Kerala reported the highest case of Dengue. Guess What? -- Keralas Health Minister blamed early arrival‚Ä¶ ,2017-10-04T12:13:08Z,2009-05-26T10:48:18Z,78,66,1e222211,42657364
915105926595489792,en,78.33333,IN,tamil nadu,1wwwewewert,11,11,#Dengue goes viral in Tamil Nadu...Health professionals ask patients to seek medical attention -‚Ä¶ https://t.co/SN0TsvoHTJ,2017-10-03T01:17:09Z,2013-09-11T05:06:17Z,78.33333,35040,1e222211,1853937570
910735412242423808,en,84.1330205,NP,Nepal,f1d3a53f8a3cc7e9,28.3908495,28.3908495,"It looked like this by then.
#latepost #floods #nepalflood #disasterreporting #floodreporting‚Ä¶ https://t.co/0PiR6sRGtA",2017-09-20T23:50:17Z,2012-10-10T11:40:51Z,84.1330205,2424,f1d3a53f8a3cc7e9,872168798
916645625311109120,en,81.57507,IN,delhi,1wwwewewert,24.6444,24.6444,RT @Ikumar7: LOL out of 3000 Dengue patients in Delhi 2700+ patients came from Uttar Pradesh thats how @myogiadityanath destroy‚Ä¶ ,2017-10-07T07:15:22Z,2012-10-12T08:23:21Z,81.57507,382,1e222211,875678540
914238376655462400,en,81.40058,IN,martha,1wwwewewert,26.51654,26.51654,"RT @RepStevenSmith: Pathetic. Obama went to Marthas Vineyard after the last Louisiana floods and got a pass. 

You send massive aid an‚Ä¶ ",2017-09-30T15:49:49Z,2017-01-21T07:47:12Z,81.40058,3556,1e222211,822795180512333824
918673905333673984,en,74.99698,IN,nadu,1wwwewewert,12.85316,12.85316,RT @airnewsalerts: PM @narendramodi directs central health officials to assess requirements of #TamilNadu to help state control the sp‚Ä¶ ,2017-10-12T21:35:01Z,2011-11-15T02:56:48Z,74.99698,691,1e222211,412912426
918165251668852736,en,78.33333,IN,tn,1wwwewewert,11,11,TN Govt have announce on Dengue fever be numbers  40 people died in TN #denguefever,2017-10-11T11:53:49Z,2016-12-04T02:42:06Z,78.33333,36,1e222211,805323781702971392
916181429578584064,en,80.03853,IN,bihar,1wwwewewert,27.07982,27.07982,"Flood in Assam, Bihar and Wengal- How to avoid Floods https://t.co/4CjMTyUp0H",2017-10-06T00:30:49Z,2009-08-06T05:50:17Z,80.03853,5007,1e222211,63449951
916382557486202880,en,76.97021,IN,india,1wwwewewert,22.20775,22.20775,RT @CW_dynastycrook: Kerala now accounts for 45% of Indias GDP (Gross Dengue Production). Huge Congratulations to CM Pinarayi Vijayan!‚Ä¶ ,2017-10-06T13:50:01Z,2013-07-04T12:30:50Z,76.97021,2368,1e222211,1568731766
911175712698011648,en,71.5,IN,gujarat,1wwwewewert,22.85,22.85,"When Gujarat faced floods, BJP ministers/MLAs themselves went to Saurashtra and helped the vicitims #‡™ú‡™®‡™§‡™æ_‡™ú‡™æ‡™£‡´á_‡™õ‡´á https://t.co/FJb7PcV9c5",2017-09-22T04:59:53Z,2014-02-26T02:47:03Z,71.5,1599,1e222211,2362356853
915510607075561472,en,75.54663,IN,cnn,1wwwewewert,11.91665,11.91665,#EXCLUSIVE -- Lack of proper health facilities. 100 deaths due to dengue in Kerala: UP CM Yogi Adityanath to CNN-N‚Ä¶ https://t.co/Dd0dDPlrNQ,2017-10-04T04:05:12Z,2009-09-19T08:11:13Z,75.54663,3599,1e222211,75550628
917850076675837952,en,78.33333,IN,tn,1wwwewewert,11,11,"RT @thearvindswami: Be safe people, take all precautions.
Dengue claims 11 month baby in Salem, 7 suspected deaths across TN on Monday http‚Ä¶",2017-10-10T15:01:25Z,2012-10-19T22:17:50Z,78.33333,125,1e222211,892402700
913870452765757440,en,82.22467,IN,sri,1wwwewewert,26.22267,26.22267,"RT @Khalsa_Aid: Sri Lanka Floods 

Our heroic volunteers serving hot food to those who lost everything in the floods.‚Ä¶ ",2017-09-29T15:27:49Z,2016-03-23T12:06:27Z,82.22467,1547,1e222211,712694511130902528
911917800607834112,en,85.7941,IN,sudan,1wwwewewert,24.24794,24.24794,RT @AJENews: Flash floods destroy thousands of homes in Sudan https://t.co/vSGxBsteul https://t.co/rBeLufwZ7U,2017-09-24T06:08:40Z,2010-05-20T06:24:11Z,85.7941,1170,1e222211,146013557
913704696283512832,en,71.291372,IN,"Gujarat, India",69d8d9f0fd0ddc8e,22.4147125,22.4147125,Guys Your small donation of Platelet will. be help someone to give fight Dengue.... #SuperHitPlateletDonor,2017-09-29T04:29:10Z,2016-06-21T07:19:47Z,71.291372,5392,69d8d9f0fd0ddc8e,745237275693330433
916716868416581632,en,78,IN,kerala,1wwwewewert,11,11,RT @CW_dynastycrook: Kerala now accounts for 45% of Indias GDP (Gross Dengue Production). Huge Congratulations to CM Pinarayi Vijayan!‚Ä¶ ,2017-10-07T11:58:27Z,2013-07-07T09:29:25Z,78,303,1e222211,1575375541
917380717130035202,en,81.57507,IN,delhi,1wwwewewert,24.6444,24.6444,@ArvindKejriwal last year living in Delhi was hell with Dengue in every house ! Recurrence very undesirable Depending on U,2017-10-09T07:56:21Z,2015-02-12T11:07:11Z,81.57507,7,1e222211,3017618941
916088294684876800,en,76.97021,IN,india,1wwwewewert,22.20775,22.20775,RT @PowerLedger_io: Find out more about how useful #solar #energy came during recent floods in India https://t.co/IXVwkf8NLE‚Ä¶ ,2017-10-05T18:20:44Z,2016-07-30T15:41:31Z,76.97021,145,1e222211,759496667074703360
911484733015646209,en,80.0584,IN,maria,1wwwewewert,27.65211,27.65211,"RT @NPR: Puerto Rico is trying to start the process of recovering from Maria, with flash floods persisting &amp; no electricity. https://t.co/c‚Ä¶",2017-09-23T01:27:49Z,2011-06-07T19:12:17Z,80.0584,49,1e222211,313000267
911289410007703552,en,76.17089,IN,satun,1wwwewewert,32.45911,32.45911,"RT @iamKohChang: New waterpark now open in Satun, southern Thailand. Free entrance while floods last. https://t.co/dtbS2gtzjm",2017-09-22T12:31:40Z,2010-11-27T05:48:53Z,76.17089,435,1e222211,220303226
909690298246279169,en,81.57507,IN,delhi,1wwwewewert,24.6444,24.6444,RT @DengueInfoAsia: Researchers exploring geospatial data to map #dengue prone zones in Delhi to keep vector-borne diseases in check https:‚Ä¶,2017-09-18T02:37:22Z,2016-02-05T14:11:46Z,81.57507,247,1e222211,4878599399
915502439175991296,en,81.57507,IN,delhi,1wwwewewert,24.6444,24.6444,"Over 3800 dengue cases in Delhi this season, 1103 in September - India TV https://t.co/Wb9grt8VXS #health",2017-10-04T03:32:45Z,2012-09-28T07:37:02Z,81.57507,336,1e222211,851029098
912254350956752897,en,76.97021,IN,india,1wwwewewert,22.20775,22.20775,"Calls for cooperation to keep #dengue at bay. At 526, cases more than double of last year in‚ÄâChandigarh https://t.co/4jtinRXwZ8 #India",2017-09-25T04:26:00Z,2013-06-13T09:57:07Z,76.97021,3108,1e222211,1513673754
909989487375155200,en,80.26483,IN,chennai,1wwwewewert,13.08891,13.08891,"RT @Khalsa_Aid: #ChennaiRains  
When heavy rains caused flash floods in Chennai in 2016 our Khalsa Aid India based volunteers were‚Ä¶ ",2017-09-18T22:26:15Z,2014-02-16T18:08:54Z,80.26483,24828,1e222211,2347762888
917473134734802944,en,77.14776,IN,rains,1wwwewewert,31.69731,31.69731,"#HyderabadRains 
#staysafe 
Reach home safe. 
#BeAlert 
#rains #floods #drains over flow ‚ò†. 
Good night üåö üåö üåö",2017-10-09T14:03:35Z,2014-12-20T08:01:38Z,77.14776,126,1e222211,2937087024
913237123238699008,en,76.97021,IN,india,1wwwewewert,22.20775,22.20775,"RT @Khalsa_Aid: Bihar Floods
Our India volunteers served the people of Bihar during the recent floods. Spreading love &amp; humanity. https://t‚Ä¶",2017-09-27T21:31:11Z,2014-03-21T14:06:06Z,76.97021,14406,1e222211,2427513280
913762189806358528,en,75.27823,IN,west river,1wwwewewert,31.28714,31.28714,Mosquitoes likewise return draggy and now and again lethal illness including malaria lily-livered feverishness dengue and Due west River...,2017-09-29T08:17:37Z,2010-02-19T10:11:46Z,75.27823,38,1e222211,115693839
909461774306553857,en,78,IN,kerala,1wwwewewert,11,11,"Heavy rains cause landslides, floods in Kerala - Kerala News: https://t.co/GfeRyJPsfO via @YouTube",2017-09-17T11:29:18Z,2009-08-27T01:58:12Z,78,42,1e222211,69230235
915979203597627393,en,81.57507,IN,delhi,1wwwewewert,24.6444,24.6444,"RT @FrustIndian: Kejriwal is owner of Delhi for whole year except during Dengue season, during crimes,when elections in other states &amp; when‚Ä¶",2017-10-05T11:07:14Z,2009-10-04T03:49:44Z,81.57507,752,1e222211,79693668
917993557927096320,en,78.33333,IN,tn,1wwwewewert,11,11,"RT @thearvindswami: Be safe people, take all precautions.
Dengue claims 11 month baby in Salem, 7 suspected deaths across TN on Monday http‚Ä¶",2017-10-11T00:31:34Z,2016-12-17T04:48:36Z,78.33333,8,1e222211,810066658484228100
914721412711108608,en,76.97021,IN,india,1wwwewewert,22.20775,22.20775,"RT @MicrobesInfect: #Dengue &amp; deadly #influenza fan out across Tamil Nadu, India - 11,000 hospitalized https://t.co/5WScgKYTjE #flu",2017-10-01T23:49:14Z,2015-01-14T03:59:45Z,76.97021,365,1e222211,2977828444
908039897235193856,en,85.19953,IN,asia,1wwwewewert,25.38954,25.38954,"Hurricanes in the US/Caribbean, floods in Asia, earthquake in Mexico, violence in Burma/Myanmar/Venezuela. Man, we have it SO good üôèüèª #lucky",2017-09-13T13:19:16Z,2010-05-27T11:42:07Z,85.19953,4205,1e222211,148808164
911389258555981824,en,76.97021,IN,india,1wwwewewert,22.20775,22.20775,"#India. After swine flu, city now feels #dengue sting https://t.co/DMiVoLt1Fd via @TOICitiesNews",2017-09-22T19:08:26Z,2013-11-27T19:54:48Z,76.97021,271,1e222211,2218692236
916294902937305091,en,76.97021,IN,india,1wwwewewert,22.20775,22.20775,RT @CW_dynastycrook: Kerala now accounts for 45% of Indias GDP (Gross Dengue Production). Huge Congratulations to CM Pinarayi Vijayan!‚Ä¶ ,2017-10-06T08:01:43Z,2012-06-17T23:08:03Z,76.97021,107,1e222211,611384516
911167187066540034,en,82.06769,IN,jamshedpur,1wwwewewert,25.37793,25.37793,Experts say abandoned quarters serving as breeding grounds for vector. #Dengue sting worst in 7 years in Jamshedpur https://t.co/qtcHcZGrmX,2017-09-22T04:26:00Z,2013-06-13T09:57:07Z,82.06769,3107,1e222211,1513673754
915538994892558336,en,78,IN,kerala,1wwwewewert,11,11,RT @prafullaketkar: What do you want @myogiadityanath to learn? This? 100s died in Kerala due to poor state govt response?‚Ä¶ ,2017-10-04T05:58:00Z,2012-09-07T23:16:56Z,78,177,1e222211,810202513
907575380273373184,en,75.06272,IN,manila,1wwwewewert,12.67467,12.67467,Manila floods as tropical depression slams Philippines https://t.co/D0AlwgDDJT https://t.co/5AczWK8ISD,2017-09-12T06:33:27Z,2014-01-28T14:48:52Z,75.06272,23840,1e222211,2310512548
911052967415107584,en,83.40232,IN,nepal,1wwwewewert,26.49976,26.49976,RT @bergwill1: #Handicapinternational already reached out to 2219 families affected by this years floods in #Nepal though its int‚Ä¶ ,2017-09-21T20:52:08Z,2015-03-01T10:05:33Z,83.40232,18,1e222211,3065654175
908224539816902656,en,74,IN,maharashtra,1wwwewewert,18,18,"With five deaths in Maharashtra, dengue turns more lethal https://t.co/NeWJPtiZUK",2017-09-14T01:32:58Z,2009-04-13T05:44:45Z,74,9851,1e222211,30846824
911811317303873536,en,76.97021,IN,india,1wwwewewert,22.20775,22.20775,RT @MoHFW_INDIA: #IndiaFightsDengue mobile app has been instrumental in creating awareness &amp; empowering the community to combat‚Ä¶ ,2017-09-23T23:05:33Z,2012-03-11T01:45:24Z,76.97021,16,1e222211,521094679
918728176544530432,en,78.33333,IN,tn,1wwwewewert,11,11,"RT @arvindgunasekar: Huge rise n dengue cases n TN, 
As of Oct 9, 11744 cases reported in the state while just 2531 cases were reported in‚Ä¶",2017-10-13T01:10:41Z,2012-05-21T06:11:15Z,78.33333,35,1e222211,586556754
908654661439246336,en,72.5713,IN,chicago,1wwwewewert,23.02262,23.02262,Chicago suburbs waive fees for homeowners affected by floods #chicago #bhive https://t.co/sDwrOAZuiJ,2017-09-15T06:02:07Z,2012-05-16T09:18:47Z,72.5713,5314,1e222211,581897287
918484015874588673,en,80.26483,IN,chennai,1wwwewewert,13.08891,13.08891,"RT @RJ_Balaji: Urgent requirement fr someone with dengue.
Urgent blood requirement B negative at Koratur, Chennai. 
Ph 9444113066
Patient -‚Ä¶",2017-10-12T09:00:28Z,2012-10-07T23:47:38Z,80.26483,1878,1e222211,867450396
913735941386203136,en,76.97021,IN,india,1wwwewewert,22.20775,22.20775,"More than 40,000 people in India have lost their lives due to Dengue last year
 #SuperHitPlateletDonor",2017-09-29T06:33:19Z,2012-05-28T22:49:32Z,76.97021,5789,1e222211,593350459
916877421600636928,en,91.24045,IN,agartala,1wwwewewert,23.88698,23.88698,RT @cpimspeak: Tripura SFI floods the streets of Agartala to express Solidarity with the Girl Students of #BHU who were barbarical‚Ä¶ ,2017-10-07T22:36:26Z,2017-09-30T12:50:22Z,91.24045,52,1e222211,914193218249531392
915615620120457217,en,78,IN,kerala,1wwwewewert,11,11,RT @bhak_sala: This year Kerala reported the highest case of Dengue. Guess What? -- Keralas Health Minister blamed early arrival‚Ä¶ ,2017-10-04T11:02:29Z,2013-05-18T00:58:09Z,78,23239,1e222211,1437573842
913461867401633793,en,80.21564,IN,islamabad,1wwwewewert,27.94236,27.94236,RT @MaizaHameed: #Islamabad is receiving large number of #dengue patients from KPK and all hospitals are fully prepared to give them best m‚Ä¶,2017-09-28T12:24:15Z,2015-11-01T08:08:03Z,80.21564,38,1e222211,4090136067
918184717475655680,en,81.57507,IN,delhi,1wwwewewert,24.6444,24.6444,"RT @sidgoyal1: Aah the dengue season is back. MCD, Ministry of health and Delhi government learnt no lessons. Idiots would now pas‚Ä¶ ",2017-10-11T13:11:10Z,2009-11-16T14:44:08Z,81.57507,2,1e222211,90473440
912392145587265536,en,77.095086,IN,"New Delhi, India",317fcc4b21a604d5,28.6384895,28.6384895,@TajinderBagga Paji please RT it‚Äôs urgent!! 7000 platelets due to #dengue https://t.co/f6nWJ62Wf9,2017-09-25T13:33:33Z,2010-01-28T11:20:06Z,77.095086,431,317fcc4b21a604d5,109310085
907999420158840832,en,76.97021,IN,india,1wwwewewert,22.20775,22.20775,"...floods across India, Nepal, Bangladesh...collectively killed hundreds more than Harvey has and Irma...combined. https://t.co/RfsFo6FqG3",2017-09-13T10:38:26Z,2012-11-28T02:53:22Z,76.97021,5028,1e222211,975654422
912539370577551365,en,85.66474,IN,karimnagar,1wwwewewert,25.56984,25.56984,"RT @Raja_4prince: We need O-ve blood grup for 8years boy suffering with dengue in star hospital in karimnagar, please RT

Contact
Vamshi :‚Ä¶",2017-09-25T23:18:34Z,2015-04-07T21:10:19Z,85.66474,204,1e222211,3146232281
915891842515795968,en,76.97021,IN,india,1wwwewewert,22.20775,22.20775,RT @paanchajanyaa: @myogiadityanath @vijayanpinarayi There was a time when travancore was the best in India in all fields. But today t‚Ä¶ ,2017-10-05T05:20:06Z,2016-10-21T03:51:02Z,76.97021,24,1e222211,789396064511983616
915359848782487553,en,76.97021,IN,india,1wwwewewert,22.20775,22.20775,RT @ndtv: Resolving the mystery behind #floods in India https://t.co/9jL3JQOVfL https://t.co/MB98tk3Zrg,2017-10-03T18:06:09Z,2016-11-13T11:22:08Z,76.97021,10,1e222211,797844507198914561
909003048910860288,en,85.66474,IN,karimnagar,1wwwewewert,25.56984,25.56984,"RT @PhanindraOnline: Urgently required O- blood for girl suffering with Dengue
Name:manaswi , Karimnagar govt. hospital. Contact: 998972472‚Ä¶",2017-09-16T05:06:29Z,2017-05-26T09:24:49Z,85.66474,65,1e222211,868118227900964864
917637878326292480,en,78,IN,kerala,1wwwewewert,11,11,@ikamalhaasan Appidiye ask him why Kerala is supporting GST/NEET :P https://t.co/c5i690h58T,2017-10-10T00:58:13Z,2017-05-29T07:33:47Z,78,0,1e222211,869177452341350427
907645811256938496,en,85.7941,IN,sudan,1wwwewewert,24.24794,24.24794,Sudan floods: Villages submerged flooding entire villages¬†as death toll rises #flooding #Sudan https://t.co/eIRrY0vL8L,2017-09-12T11:13:19Z,2011-04-02T22:16:05Z,85.7941,2381,1e222211,276322611
908161186562285569,en,85.7941,IN,sudan,1wwwewewert,24.24794,24.24794,South Sudan: Floods displace hundreds in war-torn in South¬†Sudan https://t.co/KErBDvF5Et https://t.co/1CmX45sOjY,2017-09-13T21:21:14Z,2017-07-12T17:59:20Z,85.7941,8,1e222211,885279942963064832
912190602426466304,en,80.26483,IN,chennai,1wwwewewert,13.08891,13.08891,"RT @KaruppusamyPT: In top private medical institutes in Chennai, no beds available in pediatric ICUs. Hospitals burdened with Dengue patien‚Ä¶",2017-09-25T00:12:41Z,2014-06-14T00:34:47Z,80.26483,298,1e222211,2566537680
918153276020883457,en,84.11204,IN,dhubri,1wwwewewert,22.91772,22.91772,#ModiMinistry Assam floods aftermath: Hapless farm families in Dhubri take to beedi rolling for survival https://t.co/CYsSxmXMQU,2017-10-11T11:06:14Z,2014-04-03T02:41:12Z,84.11204,4507,1e222211,2425268995
909739142329786368,en,86.17994,IN,kashmir,1wwwewewert,24.86916,24.86916,"RT @third_pole: Changes in land use is adding to the silt load in Kashmir‚Äôs water bodies, increasing the likelihood of annual floods https:‚Ä¶",2017-09-18T05:51:28Z,2017-08-11T08:46:35Z,86.17994,148,1e222211,896012474645856256
908224953266339843,en,76.97021,IN,india,1wwwewewert,22.20775,22.20775,"RT @mpparimal: #FuelDemand in #India fell 6.1% in the month of August this year, the most in 14 yrs; as floods hindered consumptio‚Ä¶ ",2017-09-14T01:34:37Z,2009-02-17T06:51:21Z,76.97021,1590,1e222211,21084137
915497145335083008,en,81.57507,IN,delhi,1wwwewewert,24.6444,24.6444,RT @TOIDelhi: 342 fresh cases of dengue reported in a week in Delhi https://t.co/wTq5YnK0LS,2017-10-04T03:11:43Z,2010-04-03T04:46:56Z,81.57507,344,1e222211,129154018
910144815085572097,en,71.5,IN,gujarat,1wwwewewert,22.85,22.85,"RT @Khalsa_Aid: #GujaratFloods 
When the floods devastated Gujarat in 2016 &amp; 2017 our Khalsa Aid India based volunteers were there‚Ä¶ ",2017-09-19T08:43:28Z,2014-02-25T10:28:04Z,71.5,738,1e222211,2365156169
910466731604312064,en,93,IN,assam,1wwwewewert,26,26,"RT @seriousfunnyguy: Friends, Post floods in Assam 1000 Mosquito Nets each costing 200/- are needed.
Can you sponsor a few? Pls donate o‚Ä¶ ",2017-09-20T06:02:39Z,2009-10-15T13:02:58Z,93,88,1e222211,82680850
912296093970337792,en,78,IN,kerala,1wwwewewert,11,11,"RT @KiranKS: Kamal Haasan attacks Tamil Nadu govt over Dengue..  
He forgot Dengue when he went to Kerala that had 15612 Dengue cases as of‚Ä¶",2017-09-25T07:11:53Z,2010-03-29T08:37:56Z,78,494,1e222211,127529426
917612045973032960,en,76.37754,IN,radi,1wwwewewert,18.64007,18.64007,Now playing #JimmieVaughan - Dengue Woman Blues on #RadiOmaha,2017-10-09T23:15:34Z,2014-02-11T06:15:20Z,76.37754,778,1e222211,2338242139
907873994052947968,en,81.57507,IN,delhi,1wwwewewert,24.6444,24.6444,RT @BeingFarhad: Narrowing floodplains caused by illegal construction is threatening #Delhi - leaving the city vulnerable to floods‚Ä¶ ‚Ä¶,2017-09-13T02:20:02Z,2015-11-09T23:39:20Z,81.57507,2078,1e222211,4186843694
913397223609782277,en,83.52624,IN,jammu,1wwwewewert,18.23086,18.23086,"RT @MaizaHameed: federal hospitals have received 25 dengue patient from other areas; 9 from K-P, 4  from Azad Jammu &amp; Kashmir and 12 from P‚Ä¶",2017-09-28T08:07:22Z,2009-10-01T08:26:31Z,83.52624,753,1e222211,78909052
914834150690930690,en,93,IN,assam,1wwwewewert,26,26,"#Visuals from flood affected district of Goalpara in Assam; 78,275 people are affected by floods in five districts‚Ä¶ https://t.co/vu6WtT1hEA",2017-10-02T07:17:12Z,2010-03-11T14:08:11Z,93,794,1e222211,122154024
914113236634673152,en,80.26483,IN,chennai,1wwwewewert,13.08891,13.08891,RT @dhanyarajendran: Urgent. Verified.  Dengue patient in Chennai needs O+ blood at JV hospital T nagar. #Chennai #bloodbank #dengue call c‚Ä¶,2017-09-30T07:32:33Z,2014-04-21T23:44:09Z,80.26483,24,1e222211,2457633090
910515353142177792,en,72.874244,IN,"Mumbai, India",7929cea6bd5b32bd,19.17414,19.17414,Reason of floods in Mumbai!! https://t.co/I0i91aDmmI,2017-09-20T09:15:51Z,2009-07-02T01:36:22Z,72.874244,584,7929cea6bd5b32bd,52997872
916320005570158592,en,76.97021,IN,india,1wwwewewert,22.20775,22.20775,RT @CW_dynastycrook: Kerala now accounts for 45% of Indias GDP (Gross Dengue Production). Huge Congratulations to CM Pinarayi Vijayan!‚Ä¶ ,2017-10-06T09:41:28Z,2014-04-06T08:13:53Z,76.97021,54,1e222211,2430489079
916298450702024706,en,78,IN,kerala,1wwwewewert,11,11,RT @CW_dynastycrook: Kerala now accounts for 45% of Indias GDP (Gross Dengue Production). Huge Congratulations to CM Pinarayi Vijayan!‚Ä¶ ,2017-10-06T08:15:49Z,2011-11-21T05:02:26Z,78,316,1e222211,417763872
909823297675599872,en,76.97021,IN,india,1wwwewewert,22.20775,22.20775,RT @Khalsa_Aid: #AssamFloods Our Khalsa Aid India volunteers reached many people of Assam to provide aid after the floods. https://t.co/KDi‚Ä¶,2017-09-18T11:25:52Z,2013-01-22T07:48:32Z,76.97021,432,1e222211,1111533103
907564424906596353,en,75.06272,IN,manila,1wwwewewert,12.67467,12.67467,"RT @AJEnglish: Manila floods as tropical depression slams Philippines
- At least 2 people have been killed
- 13 people missing‚Ä¶ ",2017-09-12T05:49:55Z,2013-06-27T06:05:09Z,75.06272,628,1e222211,1550394330
910534414358126592,en,76.97021,IN,india,1wwwewewert,22.20775,22.20775,India ‚Äì Green Mini-Grids Support Disaster Relief During Bihar Floods https://t.co/v7cVCAcJOE,2017-09-20T10:31:35Z,2013-06-21T06:53:52Z,76.97021,1041,1e222211,1536412436
909787941819514882,en,85.19953,IN,asia,1wwwewewert,25.38954,25.38954,"RT @severeweatherEU: *World Weather* Major flash floods comes in Laos, Asia. Reported today, more details when available. Report: Alerta‚Ä¶ ",2017-09-18T09:05:23Z,2009-04-16T07:28:45Z,85.19953,1049,1e222211,31765938
914321207498907648,en,79.85894,IN,san,1wwwewewert,29.56461,29.56461,"RT @lacasadesonia: @kurteichenwald @Docsociology4 @POTUS Mayor Navarro of Loiza,near San Juan, said residents showing signs of Dengue‚Ä¶ ",2017-09-30T21:18:57Z,2009-11-28T14:43:37Z,79.85894,6838,1e222211,93251080
911133586069139456,en,79.25,IN,uttarakhand,1wwwewewert,30.25,30.25,RT @PavanTuvva: Uttarakhand floods leave trail of death and destruction  http://t.co/zmGS9or9rs via @sharethis,2017-09-22T02:12:29Z,2017-07-14T21:08:51Z,79.25,3,1e222211,886052410543570945
910019506646417409,en,71.5,IN,gujarat,1wwwewewert,22.85,22.85,"RT @Khalsa_Aid: #GujaratFloods 
When the floods devastated Gujarat in 2016 &amp; 2017 our Khalsa Aid India based volunteers were there‚Ä¶ ",2017-09-19T00:25:32Z,2010-08-20T01:37:44Z,71.5,154,1e222211,180695935
910844788445814784,en,80.03853,IN,bihar,1wwwewewert,27.07982,27.07982,RT @Gurmeetramrahim: Deeply concerned by the devastation &amp; loss of lives due to heavy floods in Bihar.My thoughts &amp; prayers are with the pe‚Ä¶,2017-09-21T07:04:54Z,2017-08-15T01:56:08Z,80.03853,0,1e222211,897358731893104641
909789725271011328,en,85.19953,IN,asia,1wwwewewert,25.38954,25.38954,"RT @severeweatherEU: *World Weather* Major flash floods comes in Laos, Asia. Reported today, more details when available. Report: Alerta‚Ä¶ ",2017-09-18T09:12:28Z,2010-03-19T11:28:38Z,85.19953,427,1e222211,124513925
908267343326863361,en,76.97021,IN,india,1wwwewewert,22.20775,22.20775,"RT @mpparimal: #FuelDemand in #India fell 6.1% in the month of August this year, the most in 14 yrs; as floods hindered consumptio‚Ä¶ ",2017-09-14T04:23:04Z,2017-03-15T07:35:46Z,76.97021,1,1e222211,841998861107367936
910122564311187457,en,71.5,IN,gujarat,1wwwewewert,22.85,22.85,"RT @Khalsa_Aid: #GujaratFloods 
When the floods devastated Gujarat in 2016 &amp; 2017 our Khalsa Aid India based volunteers were there‚Ä¶ ",2017-09-19T07:15:03Z,2013-05-24T18:43:11Z,71.5,327,1e222211,1455560958
908247099795374080,en,76.97021,IN,india,1wwwewewert,22.20775,22.20775,"RT @mpparimal: #FuelDemand in #India fell 6.1% in the month of August this year, the most in 14 yrs; as floods hindered consumptio‚Ä¶ ",2017-09-14T03:02:37Z,2009-06-30T05:55:15Z,76.97021,193,1e222211,52369430
910845588446617600,en,79.25,IN,uttarakhand,1wwwewewert,30.25,30.25,"RT @Bollyhungama: REVEALED: @itsSSR, #SaraAliKhan starrer #Kedarnath to feature Uttarakhand floods
@Abhishekapoor 

https://t.co/bXFvvITWwX",2017-09-21T07:08:05Z,2017-01-11T02:23:09Z,79.25,246,1e222211,819089749038268417
916612833965596672,en,78,IN,kerala,1wwwewewert,11,11,"@neerajn He spoke abt dengue and chikungunya, where bimaru state UP is doing better compare to Kerala.
https://t.co/iuohJXwxTS",2017-10-07T05:05:04Z,2007-08-07T12:17:42Z,78,89,1e222211,8034812
917647866012696576,en,76.97021,IN,india,1wwwewewert,22.20775,22.20775,"RT @Iamtssudhir: Three south India states top #dengue outbreak list. Till 8 Oct, #Kerala (18727 cases/35 deaths), #Karnataka (13016/5), #Ta‚Ä¶",2017-10-10T01:37:54Z,2011-06-29T22:27:26Z,76.97021,166,1e222211,326570650
910436193778749440,en,72.84962,IN,mumbai,1wwwewewert,18.95963,18.95963,"RT @Soumya1910: If you are lucky enough to not be stuck in #MumbaiRains, you could do worse than to read these pieces from the‚Ä¶ ",2017-09-20T04:01:18Z,2012-12-14T11:43:47Z,72.84962,1274,1e222211,1011567649
915796931380576256,en,78.04883,IN,pacific,1wwwewewert,30.32768,30.32768,RT @MENTOR_Hq: Updated report on 2017 #Dengue situation in Western Pacific region from @WHO via @reliefweb shows progress &amp; regress https:/‚Ä¶,2017-10-04T23:02:57Z,2009-07-24T21:00:25Z,78.04883,2454,1e222211,59955964
916358638821715969,en,72.84962,IN,mumbai,1wwwewewert,18.95963,18.95963,"RT @AdvancedMaushi: So basically it has stopped raining in Mumbai anymore, it directly floods.",2017-10-06T12:14:59Z,2011-03-20T12:13:35Z,72.84962,46,1e222211,269390360
908970220370440192,en,77.18684,IN,white house,1wwwewewert,28.64521,28.64521,"As the White House mulls DACA, a DREAMer died saving people in Harvey‚Äôs floods https://t.co/v4bkUEfBsp",2017-09-16T02:56:03Z,2008-08-26T12:28:56Z,77.18684,1233,1e222211,16000065
911609726219075584,en,85.7941,IN,sudan,1wwwewewert,24.24794,24.24794,RT @AJEnglish: Flash floods destroy thousands of homes in Sudan https://t.co/0lzc3KHmvn https://t.co/Owgu69laRL,2017-09-23T09:44:30Z,2010-10-22T02:02:39Z,85.7941,256,1e222211,206086957
913263838480392192,en,74.79382,IN,gujranwala,1wwwewewert,31.85474,31.85474,"RT @AndColorPockeT: Urgent
B+ group platelets suffering from dengue,Ankit Arora

At Vinayak hospital, Gujranwala town,delhi,
Contact 098990‚Ä¶",2017-09-27T23:17:21Z,2012-08-06T09:14:39Z,74.79382,163,1e222211,740767280
917932946354348032,en,78.49966,IN,hyderabad,1wwwewewert,17.3894,17.3894,Orphaned lakes to blame for Hyderabad floods https://t.co/vWVuQ089ET,2017-10-10T20:30:43Z,2009-04-13T05:44:45Z,78.49966,10121,1e222211,30846824
916409154465656837,en,76.97021,IN,india,1wwwewewert,22.20775,22.20775,RT @CW_dynastycrook: Kerala now accounts for 45% of Indias GDP (Gross Dengue Production). Huge Congratulations to CM Pinarayi Vijayan!‚Ä¶ ,2017-10-06T15:35:43Z,2011-06-02T14:51:42Z,76.97021,416,1e222211,309870468
912863024041549824,en,78.49966,IN,hyderabad,1wwwewewert,17.3894,17.3894,"RT @RajivAluri: Urgent
Need blood donors for dengue patient at Global Hospital lakdikapool Hyderabad.
Pls call 
Lakshmaiah 
9963494412
8374‚Ä¶",2017-09-26T20:44:39Z,2010-02-01T10:53:14Z,78.49966,2593,1e222211,110456605
913733513597173760,en,76.97021,IN,india,1wwwewewert,22.20775,22.20775,"This is really shocking as Over 40,000 people in India died of Dengue last year
#SuperHitPlateletDonor",2017-09-29T06:23:40Z,2014-09-25T08:46:09Z,76.97021,23379,1e222211,2831833890
911112854476083200,en,88.40453,IN,pearl,1wwwewewert,22.5687,22.5687,"E/PC #Football returns Pearl City 1st time since #Summer: https://t.co/ZfhHfJiLcN, https://t.co/D5ZBXC3k6m https://t.co/0sLOyJEgWh",2017-09-22T00:50:06Z,2016-03-20T11:22:16Z,88.40453,85,1e222211,711596227960434693
914943983893217281,en,75.83731,IN,las,1wwwewewert,33.17372,33.17372,"Prayers for Puerto Rico.  Prayers for Las Vegas.  Prayers for everyone recovering from fires, floods and hurricanes. Pray without ceasing.",2017-10-02T14:33:39Z,2015-01-16T14:46:37Z,75.83731,343,1e222211,2981668883
908733920514101248,en,77.18684,IN,white house,1wwwewewert,28.64521,28.64521,Houston floods: White House seeks disaster aid from Congress - BBC News https://t.co/eBPdyJsaQU,2017-09-15T11:17:04Z,2011-08-26T17:59:52Z,77.18684,3209,1e222211,362768080
913707505817075713,en,77.4233395,IN,"Ghaziabad, India",4d51b7ea67b6f64b,28.773568,28.773568,Become the platelet donor and save someone from dengue. #SuperHitPlateletDonor,2017-09-29T04:40:19Z,2009-09-23T01:22:59Z,77.4233395,6420,4d51b7ea67b6f64b,76580728
907928673323442176,en,80.03853,IN,bihar,1wwwewewert,27.07982,27.07982,RT @narendramodi: In Bihar today to review the situation arising due to the floods in the state.,2017-09-13T05:57:18Z,2017-01-15T07:40:03Z,80.03853,6,1e222211,820619054771736576
907741623500468224,en,83.40232,IN,nepal,1wwwewewert,26.49976,26.49976,Call out to all #educators Lets help our friends in Nepal get their schools sorted after floods. @MRsalakas‚Ä¶ https://t.co/TSNSS9PRoM,2017-09-12T17:34:02Z,2013-09-20T03:28:00Z,83.40232,328,1e222211,1885860624
908699252410474496,en,85.19953,IN,asia,1wwwewewert,25.38954,25.38954,"While the West watches Texas, 41 million people are being affected by floods in south Asia https://t.co/V5PLtdDPPw",2017-09-15T08:59:19Z,2017-04-12T10:29:13Z,85.19953,14,1e222211,852189368244633601
917576101299449858,en,79.85894,IN,san,1wwwewewert,29.56461,29.56461,"RT @jbendery: Trump spent the afternoon golfing.

Heres the mayor of San Juan evacuating elderly/sick ppl amid floods, per pic t‚Ä¶ ",2017-10-09T20:52:44Z,2009-05-28T15:56:58Z,79.85894,1728,1e222211,43200438
909421327387287553,en,76.97021,IN,india,1wwwewewert,22.20775,22.20775,RT @PowerLedger_io: Find out more about how useful #solar #energy came during recent floods in India https://t.co/IXVwkf8NLE‚Ä¶ ,2017-09-17T08:48:35Z,2013-12-18T23:56:10Z,76.97021,442,1e222211,2253026437
916304807429783553,en,76.97021,IN,india,1wwwewewert,22.20775,22.20775,RT @CW_dynastycrook: Kerala now accounts for 45% of Indias GDP (Gross Dengue Production). Huge Congratulations to CM Pinarayi Vijayan!‚Ä¶ ,2017-10-06T08:41:04Z,2013-05-07T10:15:48Z,76.97021,20,1e222211,1410555716
907910475358232577,en,76.5,IN,kl,1wwwewewert,10.41667,10.41667,"idk how many times i got lucky, escaped flash floods up in KL just by a mere half an hour or so. Weww",2017-09-13T04:45:00Z,2011-12-15T09:54:22Z,76.5,220,1e222211,437565113
917222481009741826,en,72.098744,PK,"North-west Frontier, Pakistan",01ded2e53f4eedb1,34.0628185,34.0628185,dengue cross half centry death reacjes 5o and ward urdly altaf also died shame for us all sp local govt minstry health and public health,2017-10-08T21:27:35Z,2011-11-13T01:11:45Z,72.098744,253,01ded2e53f4eedb1,411282055
913831258911776771,en,72.81136,IN,virar,1wwwewewert,19.45591,19.45591,"Every politician should  try to board a Virar local,  a long drive frm Bandra to kandivili, get stranded in floods #ElphinstoneBridgeTragedy",2017-09-29T12:52:04Z,2016-05-17T04:55:36Z,72.81136,11,1e222211,732517416672985089
908126668895666181,en,93,IN,assam,1wwwewewert,26,26,RT @CAREIndia: CARE India is responding to the flood situation in Assam. #floods #disaster https://t.co/YDW3tLyfXa,2017-09-13T19:04:04Z,2017-07-08T23:10:17Z,93,5,1e222211,883908644668092417
910344164923109376,en,76.97021,IN,india,1wwwewewert,22.20775,22.20775,"RT @Khalsa_Aid: Bihar Floods 

Our Khalsa Aid India volunteers reached flooded areas and set up Langar ( community kitchen ).‚Ä¶ ",2017-09-19T21:55:36Z,2015-01-11T12:16:15Z,76.97021,180,1e222211,2975160932
917433952796889088,en,77.339529,IN,"Yamunanagar, India",723706b69dcc5d2c,30.2514435,30.2514435,@ashutoshsir petroleum minister issued illegal orders to convert private toilets if petrol pumps into public which‚Ä¶ https://t.co/fqgdJ8W54l,2017-10-09T11:27:54Z,2017-07-31T11:39:41Z,77.339529,5,723706b69dcc5d2c,892069770551414786
917306233517780992,en,81.57507,IN,delhi,1wwwewewert,24.6444,24.6444,RT @prettypadmaja: GOI &amp; GoDelhi shd let Hon Judge A.K.Sikri know about Significance of Crackers during Diwali.Banning Crackers =Invit‚Ä¶ ,2017-10-09T03:00:23Z,2012-05-26T04:43:58Z,81.57507,1005,1e222211,590792315
909011510235561986,en,78.49966,IN,hyderabad,1wwwewewert,17.3894,17.3894,"RT @KiranKS: Why should Mumbai have all the fun with floods, says Hyderabad.
Just a few hours of rain and parts of Hyderabad flo‚Ä¶ ",2017-09-16T05:40:07Z,2009-12-08T02:24:13Z,78.49966,386,1e222211,95376607
909486850171011072,en,83.40232,IN,nepal,1wwwewewert,26.49976,26.49976,RT @EcoWatch: Elephants Rescue Hundreds of People From #Nepal Floods https://t.co/nGPqfCA2tC @WWF @Greenpeace @AnimalPlanet @weatherchannel‚Ä¶,2017-09-17T13:08:57Z,2011-07-02T13:36:42Z,83.40232,958,1e222211,328109323
918808959607226368,en,81.57507,IN,delhi,1wwwewewert,24.6444,24.6444,"RT @ashu3page: 2198 cases of swine flu reported in Delhi, 620 from outside. 12 death due to swine flu in Delhi, gravity reduced :‚Ä¶ ",2017-10-13T06:31:41Z,2014-08-12T05:57:35Z,81.57507,558,1e222211,2726007469
916351712025366528,en,74.77761,IN,ghana,1wwwewewert,25.99545,25.99545,"Photos: 1 dead, six-year-old hospitalised as floods submerged major areas in Ghana - https://t.co/uIToK0XVI0 https://t.co/elIPJxb8dF",2017-10-06T11:47:27Z,2016-10-25T04:00:34Z,74.77761,134,1e222211,790848014357237760
918730472640802816,en,78.33333,IN,tn,1wwwewewert,11,11,"RT @arvindgunasekar: Huge rise n dengue cases n TN, 
As of Oct 9, 11744 cases reported in the state while just 2531 cases were reported in‚Ä¶",2017-10-13T01:19:48Z,2012-01-21T08:04:41Z,78.33333,3610,1e222211,470237515
915349143442411520,en,76.33343,IN,baton,1wwwewewert,32.70859,32.70859,RT @heatherpeno: Is Baton Rouge Byrd Perkins cancer center going to step in for Houston in light of floods? #Powersupply #HurricaneHarvey‚Ä¶,2017-10-03T17:23:36Z,2008-12-23T12:33:50Z,76.33343,539,1e222211,18338324
917223844309381120,en,72.84962,IN,mumbai,1wwwewewert,18.95963,18.95963,Media busy in covering kanagana Hritik. Mumbai floods and passenger deaths forgotten https://t.co/V0KtxGROsG,2017-10-08T21:33:00Z,2016-04-09T06:53:49Z,72.84962,59,1e222211,718776427592568833
909732384181952512,en,86.17994,IN,kashmir,1wwwewewert,24.86916,24.86916,"Additional siltation in Kashmir‚Äôs water bodies is increasing the likelihood of annual floods
https://t.co/aaQHhbMnxl",2017-09-18T05:24:37Z,2007-11-14T20:38:32Z,86.17994,19024,1e222211,10266462
915464294132801536,en,75.83731,IN,las,1wwwewewert,33.17372,33.17372,"RT @pyepar: People in West Africa died from floods, in Nigeria, Sierra Leone and parliament did nothing but #LasVegasShooting &amp; a moment of‚Ä¶",2017-10-04T01:01:10Z,2017-04-05T23:26:39Z,75.83731,635,1e222211,849848302464118784
910867273740701697,en,77.39748,IN,juan,1wwwewewert,28.23344,28.23344,"WTVM reports A stunned Puerto Rico seeks to rebuild after Hurricane Maria
WATCH: Maria floods through San Juan&gt;&gt;&gt;‚Ä¶ https://t.co/6b1UdKasMU",2017-09-21T08:34:15Z,2008-12-28T16:47:21Z,77.39748,3295,1e222211,18435438
907972106381549569,en,77.99868,IN,allahabad,1wwwewewert,15.29049,15.29049,"RT @HindiPratyaksha: #SchoolTeacher Urmila Rajput from Nibir, #Allahabad conducts school on streets so that students dont miss their‚Ä¶ ",2017-09-13T08:49:54Z,2014-08-15T03:58:43Z,77.99868,16,1e222211,2734106641
918082748274708480,en,79.5,IN,prakasam,1wwwewewert,15.5,15.5,"RT @Yamini_Note: Dengue cases are on d rise in Prakasam district in Andhra Pradesh #Mosagadubabu
#FTII
#DayoftheGirl‚Ä¶ ",2017-10-11T06:25:58Z,2017-09-28T00:19:20Z,79.5,3,1e222211,913279435947728896
917987212213485570,en,78.49966,IN,hyderabad,1wwwewewert,17.3894,17.3894,Orphaned lakes to blame for Hyderabad floods https://t.co/TT7rxEnGPP via @TOIHyderabad,2017-10-11T00:06:21Z,2016-06-17T08:52:58Z,78.49966,209,1e222211,743811173863153664
910605346120531969,en,76.97021,IN,india,1wwwewewert,22.20775,22.20775,"Hurricane Maria brings destruction, heavy floods to Puerto Rico | Reuters https://t.co/PudmJ24OlD #TopNews #India",2017-09-20T15:13:27Z,2014-05-21T06:27:07Z,76.97021,4804,1e222211,2512388234
